cod_mpio;añodeasignación;hogares_mpio;municipio;hogares_subsidio;proporcion_AB;treatment;tasa_subsidio;treatment_dummy;post;did
05001;2019;846522;MEDELLÍN;274;0;0;0;0;0;0
05001;2020;878480;MEDELLÍN;131;0;0;0;0;0;0
05001;2021;908775;MEDELLÍN;635;0;0;1;0;0;0
05001;2022;939966;MEDELLÍN;718;0;0;1;0;0;0
05001;2023;972037;MEDELLÍN;243;0;0;0;0;1;0
05001;2024;1005376;MEDELLÍN;249;0;0;0;0;1;0
05034;2019;13812;ANDES;23;0;0;2;;0;0
05034;2020;14180;ANDES;40;0;0;3;;0;0
05034;2021;14635;ANDES;64;0;0;4;;0;0
05034;2022;15095;ANDES;45;0;0;3;;0;0
05034;2023;15573;ANDES;1;0;0;0;;1;0
05034;2024;15981;ANDES;1;0;0;0;;1;0
05045;2019;39270;APARTADÓ;89;1;0;2;;0;0
05045;2020;40979;APARTADÓ;67;1;0;2;;0;0
05045;2021;42384;APARTADÓ;136;1;0;3;;0;0
05045;2022;43813;APARTADÓ;72;1;0;2;;0;0
05045;2023;45284;APARTADÓ;200;1;0;4;;1;0
05045;2024;46738;APARTADÓ;92;1;0;2;;1;0
05051;2019;8609;ARBOLETES;13;1;0;2;1;0;0
05051;2020;8914;ARBOLETES;15;1;0;2;1;0;0
05051;2021;9216;ARBOLETES;40;1;0;4;1;0;0
05051;2022;9514;ARBOLETES;34;1;0;4;1;0;0
05051;2023;9818;ARBOLETES;7;1;0;1;1;1;0
05051;2024;10054;ARBOLETES;7;1;0;1;1;1;0
05088;2019;179138;BELLO;320;0;0;2;0;0;0
05088;2020;186897;BELLO;301;0;0;2;0;0;0
05088;2021;193372;BELLO;765;0;0;4;0;0;0
05088;2022;200003;BELLO;1046;0;0;5;0;0;0
05088;2023;206811;BELLO;308;0;0;1;0;1;0
05088;2024;213850;BELLO;396;0;0;2;0;1;0
05101;2019;8234;CIUDAD BOLÍVAR;143;1;0;17;1;0;0
05101;2020;8422;CIUDAD BOLÍVAR;64;1;0;8;1;0;0
05101;2021;8706;CIUDAD BOLÍVAR;46;1;0;5;1;0;0
05101;2022;8996;CIUDAD BOLÍVAR;41;1;0;5;1;0;0
05101;2023;9294;CIUDAD BOLÍVAR;20;1;0;2;1;1;0
05101;2024;9566;CIUDAD BOLÍVAR;3;1;0;0;1;1;0
05129;2019;25900;CALDAS;4;0;0;0;0;0;0
05129;2020;26882;CALDAS;10;0;0;0;0;0;0
05129;2021;27774;CALDAS;25;0;0;1;0;0;0
05129;2022;28695;CALDAS;11;0;0;0;0;0;0
05129;2023;29649;CALDAS;4;0;0;0;0;1;0
05129;2024;30594;CALDAS;14;0;0;0;0;1;0
05147;2019;15052;CAREPA;16;1;0;1;1;0;0
05147;2020;15804;CAREPA;48;1;0;3;1;0;0
05147;2021;16350;CAREPA;131;1;0;8;1;0;0
05147;2022;16901;CAREPA;37;1;0;2;1;0;0
05147;2023;17466;CAREPA;10;1;0;1;1;1;0
05147;2024;18004;CAREPA;39;1;0;2;1;1;0
05148;2019;18892;EL CARMEN DE VIBORAL;7;0;0;0;;0;0
05148;2020;19656;EL CARMEN DE VIBORAL;22;0;0;1;;0;0
05148;2021;20304;EL CARMEN DE VIBORAL;12;0;0;1;;0;0
05148;2022;20961;EL CARMEN DE VIBORAL;46;0;0;2;;0;0
05148;2023;21638;EL CARMEN DE VIBORAL;9;0;0;0;;1;0
05148;2024;22252;EL CARMEN DE VIBORAL;74;0;0;3;;1;0
05154;2019;27570;CAUCASIA;63;1;0;2;;0;0
05154;2020;28796;CAUCASIA;36;1;0;1;;0;0
05154;2021;29787;CAUCASIA;14;1;0;0;;0;0
05154;2022;30796;CAUCASIA;10;1;0;0;;0;0
05154;2023;31826;CAUCASIA;35;1;0;1;;1;0
05154;2024;32860;CAUCASIA;26;1;0;1;;1;0
05172;2019;17692;CHIGORODÓ;16;1;0;1;;0;0
05172;2020;18366;CHIGORODÓ;13;1;0;1;;0;0
05172;2021;18996;CHIGORODÓ;51;1;0;3;;0;0
05172;2022;19638;CHIGORODÓ;25;1;0;1;;0;0
05172;2023;20300;CHIGORODÓ;37;1;0;2;;1;0
05172;2024;20959;CHIGORODÓ;92;1;0;4;;1;0
05197;2019;5128;COCORNÁ;2;1;0;0;1;0;0
05197;2020;5133;COCORNÁ;3;1;0;1;1;0;0
05197;2021;5296;COCORNÁ;4;1;0;1;1;0;0
05197;2022;5466;COCORNÁ;1;1;0;0;1;0;0
05197;2023;5641;COCORNÁ;6;1;0;1;1;1;0
05197;2024;5786;COCORNÁ;8;1;0;1;1;1;0
05212;2019;25986;COPACABANA;3;0;0;0;;0;0
05212;2020;27021;COPACABANA;51;0;0;2;;0;0
05212;2021;27929;COPACABANA;48;0;0;2;;0;0
05212;2022;28860;COPACABANA;62;0;0;2;;0;0
05212;2023;29819;COPACABANA;27;0;0;1;;1;0
05212;2024;30766;COPACABANA;33;0;0;1;;1;0
05264;2019;3561;ENTRERRÍOS;16;0;0;4;;0;0
05264;2020;3703;ENTRERRÍOS;12;0;0;3;;0;0
05264;2021;3826;ENTRERRÍOS;5;0;0;1;;0;0
05264;2022;3951;ENTRERRÍOS;5;0;0;1;;0;0
05264;2023;4080;ENTRERRÍOS;9;0;0;2;;1;0
05264;2024;4192;ENTRERRÍOS;2;0;0;0;;1;0
05266;2019;82038;ENVIGADO;14;0;0;0;0;0;0
05266;2020;85651;ENVIGADO;12;0;0;0;0;0;0
05266;2021;88599;ENVIGADO;47;0;0;1;0;0;0
05266;2022;91633;ENVIGADO;38;0;0;0;0;0;0
05266;2023;94757;ENVIGADO;12;0;0;0;0;1;0
05266;2024;97986;ENVIGADO;124;0;0;1;0;1;0
05308;2019;16387;GIRARDOTA;10;0;0;1;;0;0
05308;2020;17031;GIRARDOTA;1;0;0;0;;0;0
05308;2021;17575;GIRARDOTA;8;0;0;0;;0;0
05308;2022;18131;GIRARDOTA;3;0;0;0;;0;0
05308;2023;18710;GIRARDOTA;17;0;0;1;;1;0
05308;2024;19231;GIRARDOTA;6;0;0;0;;1;0
05360;2019;91011;ITAGÜÍ;131;0;0;1;0;0;0
05360;2020;94544;ITAGÜÍ;50;0;0;1;0;0;0
05360;2021;97732;ITAGÜÍ;11;0;0;0;0;0;0
05360;2022;101032;ITAGÜÍ;49;0;0;0;0;0;0
05360;2023;104449;ITAGÜÍ;49;0;0;0;0;1;0
05360;2024;107930;ITAGÜÍ;115;0;0;1;0;1;0
05376;2019;20168;LA CEJA;13;0;0;1;;0;0
05376;2020;20989;LA CEJA;60;0;0;3;;0;0
05376;2021;21697;LA CEJA;87;0;0;4;;0;0
05376;2022;22426;LA CEJA;88;0;0;4;;0;0
05376;2023;23181;LA CEJA;165;0;0;7;;1;0
05376;2024;23940;LA CEJA;205;0;0;9;;1;0
05380;2019;23613;LA ESTRELLA;102;0;0;4;0;0;0
05380;2020;24565;LA ESTRELLA;70;0;0;3;0;0;0
05380;2021;25378;LA ESTRELLA;85;0;0;3;0;0;0
05380;2022;26217;LA ESTRELLA;80;0;0;3;0;0;0
05380;2023;27089;LA ESTRELLA;69;0;0;3;0;1;0
05380;2024;27960;LA ESTRELLA;54;0;0;2;0;1;0
05440;2019;21968;MARINILLA;18;0;0;1;;0;0
05440;2020;22842;MARINILLA;10;0;0;0;;0;0
05440;2021;23603;MARINILLA;16;0;0;1;;0;0
05440;2022;24376;MARINILLA;7;0;0;0;;0;0
05440;2023;25169;MARINILLA;14;0;0;1;;1;0
05440;2024;25916;MARINILLA;4;0;0;0;;1;0
05615;2019;46863;RIONEGRO;24;0;0;1;0;0;0
05615;2020;48834;RIONEGRO;32;0;0;1;0;0;0
05615;2021;50477;RIONEGRO;84;0;0;2;0;0;0
05615;2022;52137;RIONEGRO;82;0;0;2;0;0;0
05615;2023;53843;RIONEGRO;45;0;0;1;0;1;0
05615;2024;55412;RIONEGRO;163;0;0;3;0;1;0
05631;2019;30688;SABANETA;179;0;0;6;0;0;0
05631;2020;32183;SABANETA;38;0;0;1;0;0;0
05631;2021;33295;SABANETA;101;0;0;3;0;0;0
05631;2022;34431;SABANETA;229;0;0;7;0;0;0
05631;2023;35593;SABANETA;59;0;0;2;0;1;0
05631;2024;36751;SABANETA;47;0;0;1;0;1;0
05664;2019;6755;SAN PEDRO DE LOS MILAGROS;68;0;0;10;;0;0
05664;2020;7006;SAN PEDRO DE LOS MILAGROS;118;0;0;17;;0;0
05664;2021;7240;SAN PEDRO DE LOS MILAGROS;45;0;0;6;;0;0
05664;2022;7477;SAN PEDRO DE LOS MILAGROS;75;0;0;10;;0;0
05664;2023;7719;SAN PEDRO DE LOS MILAGROS;39;0;0;5;;1;0
05664;2024;7933;SAN PEDRO DE LOS MILAGROS;51;0;0;6;;1;0
05686;2019;10861;SANTA ROSA DE OSOS;9;0;0;1;;0;0
05686;2020;11240;SANTA ROSA DE OSOS;11;0;0;1;;0;0
05686;2021;11602;SANTA ROSA DE OSOS;12;0;0;1;;0;0
05686;2022;11973;SANTA ROSA DE OSOS;27;0;0;2;;0;0
05686;2023;12357;SANTA ROSA DE OSOS;30;0;0;2;;1;0
05686;2024;12701;SANTA ROSA DE OSOS;7;0;0;1;;1;0
05697;2019;10456;EL SANTUARIO;12;0;0;1;;0;0
05697;2020;10770;EL SANTUARIO;9;0;0;1;;0;0
05697;2021;11110;EL SANTUARIO;11;0;0;1;;0;0
05697;2022;11465;EL SANTUARIO;48;0;0;4;;0;0
05697;2023;11838;EL SANTUARIO;36;0;0;3;;1;0
05697;2024;12199;EL SANTUARIO;31;0;0;3;;1;0
05837;2019;35300;TURBO;14;1;0;0;;0;0
05837;2020;36578;TURBO;7;1;0;0;;0;0
05837;2021;37765;TURBO;14;1;0;0;;0;0
05837;2022;38959;TURBO;3;1;0;0;;0;0
05837;2023;40189;TURBO;10;1;0;0;;1;0
05837;2024;41179;TURBO;21;1;0;1;;1;0
05887;2019;13018;YARUMAL;73;0;0;6;;0;0
05887;2020;13418;YARUMAL;55;0;0;4;;0;0
05887;2021;13866;YARUMAL;66;0;0;5;;0;0
05887;2022;14323;YARUMAL;67;0;0;5;;0;0
05887;2023;14794;YARUMAL;52;0;0;4;;1;0
05887;2024;15247;YARUMAL;75;0;0;5;;1;0
08001;2019;332443;BARRANQUILLA;2132;1;0;6;0;0;0
08001;2020;344471;BARRANQUILLA;2226;1;0;6;0;0;0
08001;2021;355556;BARRANQUILLA;5230;1;0;15;0;0;0
08001;2022;365215;BARRANQUILLA;4049;1;0;11;0;0;0
08001;2023;374902;BARRANQUILLA;2560;1;0;7;0;1;0
08001;2024;385862;BARRANQUILLA;3358;1;0;9;0;1;0
08078;2019;16544;BARANOA;54;1;0;3;1;0;0
08078;2020;17250;BARANOA;62;1;0;4;1;0;0
08078;2021;17794;BARANOA;91;1;0;5;1;0;0
08078;2022;18261;BARANOA;68;1;0;4;1;0;0
08078;2023;18731;BARANOA;73;1;0;4;1;1;0
08078;2024;19264;BARANOA;53;1;0;3;1;1;0
08296;2019;17691;GALAPA;236;1;0;13;;0;0
08296;2020;18665;GALAPA;254;1;0;14;;0;0
08296;2021;19273;GALAPA;153;1;0;8;;0;0
08296;2022;19793;GALAPA;286;1;0;14;;0;0
08296;2023;20310;GALAPA;181;1;0;9;;1;0
08296;2024;20885;GALAPA;127;1;0;6;;1;0
08433;2019;33043;MALAMBO;43;1;0;1;;0;0
08433;2020;34624;MALAMBO;4;1;0;0;;0;0
08433;2021;35710;MALAMBO;58;1;0;2;;0;0
08433;2022;36654;MALAMBO;44;1;0;1;;0;0
08433;2023;37610;MALAMBO;32;1;0;1;;1;0
08433;2024;38697;MALAMBO;83;1;0;2;;1;0
08638;2019;23228;SABANALARGA;60;1;0;3;;0;0
08638;2020;24177;SABANALARGA;14;1;0;1;;0;0
08638;2021;24917;SABANALARGA;86;1;0;3;;0;0
08638;2022;25562;SABANALARGA;128;1;0;5;;0;0
08638;2023;26208;SABANALARGA;219;1;0;8;;1;0
08638;2024;26950;SABANALARGA;160;1;0;6;;1;0
08758;2019;167850;SOLEDAD;3301;1;0;20;0;0;0
08758;2020;176875;SOLEDAD;2730;1;0;15;0;0;0
08758;2021;182633;SOLEDAD;4041;1;0;22;0;0;0
08758;2022;187610;SOLEDAD;5439;1;0;29;0;0;0
08758;2023;192593;SOLEDAD;4777;1;0;25;0;1;0
08758;2024;197932;SOLEDAD;3436;1;0;17;0;1;0
11001;2019;2664781;BOGOTÁ, D.C.;1100;0;0;0;0;0;0
11001;2020;2759217;BOGOTÁ, D.C.;2336;0;0;1;0;0;0
11001;2021;2840109;BOGOTÁ, D.C.;4769;0;0;2;0;0;0
11001;2022;2915263;BOGOTÁ, D.C.;4660;0;0;2;0;0;0
11001;2023;2991250;BOGOTÁ, D.C.;2276;0;0;1;0;1;0
11001;2024;3072358;BOGOTÁ, D.C.;3164;0;0;1;0;1;0
13001;2019;293343;CARTAGENA DE INDIAS;963;1;0;3;0;0;0
13001;2020;305154;CARTAGENA DE INDIAS;1638;1;0;5;0;0;0
13001;2021;314951;CARTAGENA DE INDIAS;2110;1;0;7;0;0;0
13001;2022;323922;CARTAGENA DE INDIAS;2145;1;0;7;0;0;0
13001;2023;332921;CARTAGENA DE INDIAS;1776;1;0;5;0;1;0
13001;2024;341516;CARTAGENA DE INDIAS;2276;1;0;7;0;1;0
13836;2019;30517;TURBACO;479;1;0;16;;0;0
13836;2020;32016;TURBACO;349;1;0;11;;0;0
13836;2021;33055;TURBACO;910;1;0;28;;0;0
13836;2022;34004;TURBACO;991;1;0;29;;0;0
13836;2023;34956;TURBACO;611;1;0;17;;1;0
13836;2024;35887;TURBACO;593;1;0;17;;1;0
15001;2019;58948;TUNJA;265;1;0;4;;0;0
15001;2020;60744;TUNJA;176;1;0;3;;0;0
15001;2021;62070;TUNJA;424;1;0;7;;0;0
15001;2022;63350;TUNJA;324;1;0;5;;0;0
15001;2023;64659;TUNJA;378;1;0;6;;1;0
15001;2024;66134;TUNJA;428;1;0;6;;1;0
15176;2019;17939;CHIQUINQUIRÁ;6;1;0;0;;0;0
15176;2020;18439;CHIQUINQUIRÁ;26;1;0;1;;0;0
15176;2021;18825;CHIQUINQUIRÁ;63;1;0;3;;0;0
15176;2022;19206;CHIQUINQUIRÁ;48;1;0;2;;0;0
15176;2023;19594;CHIQUINQUIRÁ;97;1;0;5;;1;0
15176;2024;20000;CHIQUINQUIRÁ;59;1;0;3;;1;0
15238;2019;41399;DUITAMA;210;0;0;5;;0;0
15238;2020;42591;DUITAMA;95;0;0;2;;0;0
15238;2021;43491;DUITAMA;251;0;0;6;;0;0
15238;2022;44377;DUITAMA;240;0;0;5;;0;0
15238;2023;45277;DUITAMA;152;0;0;3;;1;0
15238;2024;46241;DUITAMA;165;0;0;4;;1;0
15299;2019;6731;GARAGOA;2;1;0;0;1;0;0
15299;2020;6873;GARAGOA;1;1;0;0;1;0;0
15299;2021;7005;GARAGOA;3;1;0;0;1;0;0
15299;2022;7134;GARAGOA;1;1;0;0;1;0;0
15299;2023;7265;GARAGOA;4;1;0;1;1;1;0
15299;2024;7383;GARAGOA;4;1;0;1;1;1;0
15516;2019;11193;PAIPA;41;1;0;4;;0;0
15516;2020;11478;PAIPA;31;1;0;3;;0;0
15516;2021;11691;PAIPA;86;1;0;7;;0;0
15516;2022;11904;PAIPA;95;1;0;8;;0;0
15516;2023;12123;PAIPA;86;1;0;7;;1;0
15516;2024;12317;PAIPA;126;1;0;10;;1;0
15646;2019;5307;SAMACÁ;40;0;0;8;1;0;0
15646;2020;5419;SAMACÁ;15;0;0;3;1;0;0
15646;2021;5511;SAMACÁ;11;0;0;2;1;0;0
15646;2022;5604;SAMACÁ;66;0;0;12;1;0;0
15646;2023;5700;SAMACÁ;28;0;0;5;1;1;0
15646;2024;5781;SAMACÁ;6;0;0;1;1;1;0
15759;2019;44867;SOGAMOSO;96;0;0;2;;0;0
15759;2020;46092;SOGAMOSO;204;0;0;4;;0;0
15759;2021;47068;SOGAMOSO;308;0;0;7;;0;0
15759;2022;48032;SOGAMOSO;265;0;0;6;;0;0
15759;2023;49008;SOGAMOSO;287;0;0;6;;1;0
15759;2024;50004;SOGAMOSO;217;0;0;4;;1;0
15806;2019;4317;TIBASOSA;25;1;0;6;1;0;0
15806;2020;4417;TIBASOSA;17;1;0;4;1;0;0
15806;2021;4487;TIBASOSA;21;1;0;5;1;0;0
15806;2022;4559;TIBASOSA;13;1;0;3;1;0;0
15806;2023;4633;TIBASOSA;13;1;0;3;1;1;0
15806;2024;4684;TIBASOSA;9;1;0;2;1;1;0
17001;2019;151058;MANIZALES;152;1;0;1;0;0;0
17001;2020;154918;MANIZALES;250;1;0;2;0;0;0
17001;2021;158271;MANIZALES;265;1;0;2;0;0;0
17001;2022;161709;MANIZALES;324;1;0;2;0;0;0
17001;2023;165318;MANIZALES;520;1;0;3;0;1;0
17001;2024;169601;MANIZALES;127;1;0;1;0;1;0
17174;2019;16951;CHINCHINÁ;15;1;0;1;;0;0
17174;2020;17330;CHINCHINÁ;53;1;0;3;;0;0
17174;2021;17701;CHINCHINÁ;70;1;0;4;;0;0
17174;2022;18083;CHINCHINÁ;56;1;0;3;;0;0
17174;2023;18481;CHINCHINÁ;69;1;0;4;;1;0
17174;2024;18947;CHINCHINÁ;23;1;0;1;;1;0
17873;2019;21515;VILLAMARÍA;108;1;0;5;;0;0
17873;2020;22180;VILLAMARÍA;116;1;0;5;;0;0
17873;2021;22651;VILLAMARÍA;143;1;0;6;;0;0
17873;2022;23133;VILLAMARÍA;168;1;0;7;;0;0
17873;2023;23641;VILLAMARÍA;119;1;0;5;;1;0
17873;2024;24244;VILLAMARÍA;114;1;0;5;;1;0
18001;2019;56098;FLORENCIA;30;1;0;1;;0;0
18001;2020;57981;FLORENCIA;43;1;0;1;;0;0
18001;2021;59744;FLORENCIA;48;1;0;1;;0;0
18001;2022;61590;FLORENCIA;21;1;0;0;;0;0
18001;2023;63503;FLORENCIA;44;1;0;1;;1;0
18001;2024;65760;FLORENCIA;16;1;0;0;;1;0
19001;2019;114297;POPAYÁN;310;1;0;3;;0;0
19001;2020;117704;POPAYÁN;623;1;0;5;;0;0
19001;2021;121020;POPAYÁN;664;1;0;5;;0;0
19001;2022;124399;POPAYÁN;669;1;0;5;;0;0
19001;2023;127862;POPAYÁN;1061;1;0;8;;1;0
19001;2024;130734;POPAYÁN;835;1;0;6;;1;0
19573;2019;13653;PUERTO TEJADA;60;1;0;4;;0;0
19573;2020;13965;PUERTO TEJADA;73;1;0;5;;0;0
19573;2021;14355;PUERTO TEJADA;337;1;0;23;;0;0
19573;2022;14757;PUERTO TEJADA;335;1;0;23;;0;0
19573;2023;15171;PUERTO TEJADA;149;1;0;10;;1;0
19573;2024;15492;PUERTO TEJADA;723;1;0;47;;1;0
19698;2019;36844;SANTANDER DE QUILICHAO;152;1;0;4;;0;0
19698;2020;37944;SANTANDER DE QUILICHAO;80;1;0;2;;0;0
19698;2021;39002;SANTANDER DE QUILICHAO;202;1;0;5;;0;0
19698;2022;40088;SANTANDER DE QUILICHAO;71;1;0;2;;0;0
19698;2023;41211;SANTANDER DE QUILICHAO;128;1;0;3;;1;0
19698;2024;42231;SANTANDER DE QUILICHAO;18;1;0;0;;1;0
20001;2019;143041;VALLEDUPAR;568;1;0;4;0;0;0
20001;2020;150700;VALLEDUPAR;742;1;0;5;0;0;0
20001;2021;156524;VALLEDUPAR;1079;1;0;7;0;0;0
20001;2022;161639;VALLEDUPAR;1039;1;0;6;0;0;0
20001;2023;166723;VALLEDUPAR;1338;1;0;8;0;1;0
20001;2024;171861;VALLEDUPAR;1339;1;0;8;0;1;0
20011;2019;36396;AGUACHICA;18;1;0;0;;0;0
20011;2020;38307;AGUACHICA;17;1;0;0;;0;0
20011;2021;39801;AGUACHICA;27;1;0;1;;0;0
20011;2022;41105;AGUACHICA;16;1;0;0;;0;0
20011;2023;42389;AGUACHICA;12;1;0;0;;1;0
20011;2024;43718;AGUACHICA;30;1;0;1;;1;0
20621;2019;8393;LA PAZ;6;1;0;1;1;0;0
20621;2020;8768;LA PAZ;1;1;0;0;1;0;0
20621;2021;9096;LA PAZ;2;1;0;0;1;0;0
20621;2022;9383;LA PAZ;11;1;0;1;1;0;0
20621;2023;9666;LA PAZ;25;1;0;3;1;1;0
20621;2024;9964;LA PAZ;15;1;0;2;1;1;0
23001;2019;152142;MONTERÍA;307;1;0;2;;0;0
23001;2020;157107;MONTERÍA;308;1;0;2;;0;0
23001;2021;161659;MONTERÍA;497;1;0;3;;0;0
23001;2022;166095;MONTERÍA;489;1;0;3;;0;0
23001;2023;170556;MONTERÍA;624;1;0;4;;1;0
23001;2024;174333;MONTERÍA;365;1;0;2;;1;0
23162;2019;34626;CERETÉ;33;1;0;1;;0;0
23162;2020;35612;CERETÉ;26;1;0;1;;0;0
23162;2021;36551;CERETÉ;59;1;0;2;;0;0
23162;2022;37470;CERETÉ;101;1;0;3;;0;0
23162;2023;38398;CERETÉ;108;1;0;3;;1;0
23162;2024;39264;CERETÉ;108;1;0;3;;1;0
23417;2019;36697;LORICA;1;1;0;0;;0;0
23417;2020;37573;LORICA;3;1;0;0;;0;0
23417;2021;38530;LORICA;1;1;0;0;;0;0
23417;2022;39466;LORICA;13;1;0;0;;0;0
23417;2023;40409;LORICA;12;1;0;0;;1;0
23417;2024;41348;LORICA;11;1;0;0;;1;0
23660;2019;33825;SAHAGÚN;1;1;0;0;;0;0
23660;2020;34758;SAHAGÚN;11;1;0;0;;0;0
23660;2021;35648;SAHAGÚN;56;1;0;2;;0;0
23660;2022;36521;SAHAGÚN;12;1;0;0;;0;0
23660;2023;37404;SAHAGÚN;9;1;0;0;;1;0
23660;2024;38271;SAHAGÚN;41;1;0;1;;1;0
25126;2019;28580;CAJICÁ;17;0;0;1;0;0;0
25126;2020;30643;CAJICÁ;69;0;0;2;0;0;0
25126;2021;32327;CAJICÁ;47;0;0;1;0;0;0
25126;2022;33856;CAJICÁ;84;0;0;2;0;0;0
25126;2023;35359;CAJICÁ;46;0;0;1;0;1;0
25126;2024;36933;CAJICÁ;29;0;0;1;0;1;0
25175;2019;47653;CHÍA;32;0;0;1;0;0;0
25175;2020;51157;CHÍA;5;0;0;0;0;0;0
25175;2021;53987;CHÍA;188;0;0;3;0;0;0
25175;2022;56554;CHÍA;124;0;0;2;0;0;0
25175;2023;59075;CHÍA;292;0;0;5;0;1;0
25175;2024;61881;CHÍA;329;0;0;5;0;1;0
25224;2019;2321;CUCUNUBÁ;22;0;0;9;1;0;0
25224;2020;2432;CUCUNUBÁ;3;0;0;1;1;0;0
25224;2021;2561;CUCUNUBÁ;14;0;0;5;1;0;0
25224;2022;2676;CUCUNUBÁ;2;0;0;1;1;0;0
25224;2023;2790;CUCUNUBÁ;13;0;0;5;1;1;0
25224;2024;2871;CUCUNUBÁ;18;0;0;6;1;1;0
25260;2019;7919;EL ROSAL;17;0;0;2;;0;0
25260;2020;8508;EL ROSAL;2;0;0;0;;0;0
25260;2021;8982;EL ROSAL;55;0;0;6;;0;0
25260;2022;9413;EL ROSAL;161;0;0;17;;0;0
25260;2023;9837;EL ROSAL;332;0;0;34;;1;0
25260;2024;10328;EL ROSAL;241;0;0;23;;1;0
25269;2019;48689;FACATATIVÁ;2;0;0;0;0;0;0
25269;2020;52080;FACATATIVÁ;1;0;0;0;0;0;0
25269;2021;54967;FACATATIVÁ;47;0;0;1;0;0;0
25269;2022;57608;FACATATIVÁ;47;0;0;1;0;0;0
25269;2023;60211;FACATATIVÁ;3;0;0;0;0;1;0
25269;2024;63206;FACATATIVÁ;3;0;0;0;0;1;0
25286;2019;32669;FUNZA;1;0;0;0;0;0;0
25286;2020;35082;FUNZA;17;0;0;0;0;0;0
25286;2021;37041;FUNZA;12;0;0;0;0;0;0
25286;2022;38832;FUNZA;4;0;0;0;0;0;0
25286;2023;40599;FUNZA;122;0;0;3;0;1;0
25286;2024;42591;FUNZA;211;0;0;5;0;1;0
25290;2019;53059;FUSAGASUGÁ;19;0;0;0;0;0;0
25290;2020;56640;FUSAGASUGÁ;76;0;0;1;0;0;0
25290;2021;59791;FUSAGASUGÁ;41;0;0;1;0;0;0
25290;2022;62652;FUSAGASUGÁ;97;0;0;2;0;0;0
25290;2023;65457;FUSAGASUGÁ;79;0;0;1;0;1;0
25290;2024;68548;FUSAGASUGÁ;48;0;0;1;0;1;0
25295;2019;5929;GACHANCIPÁ;9;0;0;2;;0;0
25295;2020;6378;GACHANCIPÁ;9;0;0;1;;0;0
25295;2021;6732;GACHANCIPÁ;248;0;0;37;;0;0
25295;2022;7050;GACHANCIPÁ;82;0;0;12;;0;0
25295;2023;7361;GACHANCIPÁ;105;0;0;14;;1;0
25295;2024;7692;GACHANCIPÁ;16;0;0;2;;1;0
25307;2019;40060;GIRARDOT;26;1;0;1;;0;0
25307;2020;42353;GIRARDOT;23;1;0;1;;0;0
25307;2021;44724;GIRARDOT;189;1;0;4;;0;0
25307;2022;46876;GIRARDOT;464;1;0;10;;0;0
25307;2023;48976;GIRARDOT;123;1;0;3;;1;0
25307;2024;51196;GIRARDOT;63;1;0;1;;1;0
25430;2019;39042;MADRID;431;0;0;11;0;0;0
25430;2020;41962;MADRID;882;0;0;21;0;0;0
25430;2021;44289;MADRID;1374;0;0;31;0;0;0
25430;2022;46419;MADRID;671;0;0;14;0;0;0
25430;2023;48517;MADRID;347;0;0;7;0;1;0
25430;2024;51014;MADRID;329;0;0;6;0;1;0
25473;2019;45782;MOSQUERA;23;0;0;1;0;0;0
25473;2020;49565;MOSQUERA;69;0;0;1;0;0;0
25473;2021;52329;MOSQUERA;292;0;0;6;0;0;0
25473;2022;54858;MOSQUERA;34;0;0;1;0;0;0
25473;2023;57343;MOSQUERA;417;0;0;7;0;1;0
25473;2024;60280;MOSQUERA;135;0;0;2;0;1;0
25612;2019;5881;RICAURTE;19;0;0;3;;0;0
25612;2020;6268;RICAURTE;38;0;0;6;;0;0
25612;2021;6607;RICAURTE;104;0;0;16;;0;0
25612;2022;6908;RICAURTE;179;0;0;26;;0;0
25612;2023;7202;RICAURTE;46;0;0;6;;1;0
25612;2024;7503;RICAURTE;69;0;0;9;;1;0
25743;2019;8070;SILVANIA;11;1;0;1;1;0;0
25743;2020;8483;SILVANIA;4;1;0;0;1;0;0
25743;2021;8925;SILVANIA;5;1;0;1;1;0;0
25743;2022;9321;SILVANIA;1;1;0;0;1;0;0
25743;2023;9712;SILVANIA;2;1;0;0;1;1;0
25743;2024;10038;SILVANIA;1;1;0;0;1;1;0
25754;2019;232390;SOACHA;1319;1;0;6;0;0;0
25754;2020;250524;SOACHA;2336;1;0;9;0;0;0
25754;2021;264549;SOACHA;5698;1;0;22;0;0;0
25754;2022;277352;SOACHA;3349;1;0;12;0;0;0
25754;2023;289928;SOACHA;1261;1;0;4;0;1;0
25754;2024;304522;SOACHA;724;1;0;2;0;1;0
25817;2019;14055;TOCANCIPÁ;15;0;0;1;0;0;0
25817;2020;15096;TOCANCIPÁ;312;0;0;21;0;0;0
25817;2021;15916;TOCANCIPÁ;2060;0;0;129;0;0;0
25817;2022;16649;TOCANCIPÁ;1209;0;0;73;0;0;0
25817;2023;17369;TOCANCIPÁ;158;0;0;9;0;1;0
25817;2024;18083;TOCANCIPÁ;142;0;0;8;0;1;0
25899;2019;43554;ZIPAQUIRÁ;40;0;0;1;0;0;0
25899;2020;46572;ZIPAQUIRÁ;111;0;0;2;0;0;0
25899;2021;49123;ZIPAQUIRÁ;198;0;0;4;0;0;0
25899;2022;51453;ZIPAQUIRÁ;561;0;0;11;0;0;0
25899;2023;53753;ZIPAQUIRÁ;357;0;0;7;0;1;0
25899;2024;56233;ZIPAQUIRÁ;393;0;0;7;0;1;0
41001;2019;113849;NEIVA;127;1;0;1;0;0;0
41001;2020;116792;NEIVA;313;1;0;3;0;0;0
41001;2021;119800;NEIVA;685;1;0;6;0;0;0
41001;2022;122831;NEIVA;551;1;0;4;0;0;0
41001;2023;125887;NEIVA;669;1;0;5;0;1;0
41001;2024;128140;NEIVA;472;1;0;4;0;1;0
41298;2019;22805;GARZÓN;4;1;0;0;;0;0
41298;2020;23406;GARZÓN;4;1;0;0;;0;0
41298;2021;23957;GARZÓN;22;1;0;1;;0;0
41298;2022;24508;GARZÓN;22;1;0;1;;0;0
41298;2023;25065;GARZÓN;7;1;0;0;;1;0
41298;2024;25545;GARZÓN;12;1;0;0;;1;0
41396;2019;19603;LA PLATA;23;1;0;1;;0;0
41396;2020;20093;LA PLATA;36;1;0;2;;0;0
41396;2021;20549;LA PLATA;30;1;0;1;;0;0
41396;2022;21002;LA PLATA;36;1;0;2;;0;0
41396;2023;21460;LA PLATA;90;1;0;4;;1;0
41396;2024;21867;LA PLATA;96;1;0;4;;1;0
41524;2019;8593;PALERMO;17;1;0;2;1;0;0
41524;2020;8805;PALERMO;122;1;0;14;1;0;0
41524;2021;9004;PALERMO;312;1;0;35;1;0;0
41524;2022;9205;PALERMO;386;1;0;42;1;0;0
41524;2023;9410;PALERMO;264;1;0;28;1;1;0
41524;2024;9587;PALERMO;260;1;0;27;1;1;0
41551;2019;37332;PITALITO;142;1;0;4;;0;0
41551;2020;38442;PITALITO;78;1;0;2;;0;0
41551;2021;39341;PITALITO;200;1;0;5;;0;0
41551;2022;40251;PITALITO;289;1;0;7;;0;0
41551;2023;41173;PITALITO;210;1;0;5;;1;0
41551;2024;41948;PITALITO;481;1;0;11;;1;0
44001;2019;56074;RIOHACHA;3;1;0;0;;0;0
44001;2020;59144;RIOHACHA;7;1;0;0;;0;0
44001;2021;61952;RIOHACHA;7;1;0;0;;0;0
44001;2022;64401;RIOHACHA;1;1;0;0;;0;0
44001;2023;66855;RIOHACHA;6;1;0;0;;1;0
44001;2024;69380;RIOHACHA;39;1;0;1;;1;0
44650;2019;14093;SAN JUAN DEL CESAR;9;1;0;1;1;0;0
44650;2020;14722;SAN JUAN DEL CESAR;10;1;0;1;1;0;0
44650;2021;15413;SAN JUAN DEL CESAR;7;1;0;0;1;0;0
44650;2022;16017;SAN JUAN DEL CESAR;37;1;0;2;1;0;0
44650;2023;16625;SAN JUAN DEL CESAR;46;1;0;3;1;1;0
44650;2024;17251;SAN JUAN DEL CESAR;34;1;0;2;1;1;0
47001;2019;145131;SANTA MARTA;1361;1;0;9;0;0;0
47001;2020;152071;SANTA MARTA;239;1;0;2;0;0;0
47001;2021;157016;SANTA MARTA;773;1;0;5;0;0;0
47001;2022;161362;SANTA MARTA;843;1;0;5;0;0;0
47001;2023;165700;SANTA MARTA;843;1;0;5;0;1;0
47001;2024;169742;SANTA MARTA;222;1;0;1;0;1;0
47245;2019;19647;EL BANCO;1;1;0;0;1;0;0
47245;2020;20455;EL BANCO;5;1;0;0;1;0;0
47245;2021;21078;EL BANCO;4;1;0;0;1;0;0
47245;2022;21606;EL BANCO;25;1;0;1;1;0;0
47245;2023;22123;EL BANCO;6;1;0;0;1;1;0
47245;2024;22589;EL BANCO;2;1;0;0;1;1;0
50001;2019;180706;VILLAVICENCIO;240;0;0;1;0;0;0
50001;2020;185635;VILLAVICENCIO;108;0;0;1;0;0;0
50001;2021;190114;VILLAVICENCIO;541;0;0;3;0;0;0
50001;2022;194550;VILLAVICENCIO;820;0;0;4;0;0;0
50001;2023;199000;VILLAVICENCIO;331;0;0;2;0;1;0
50001;2024;203331;VILLAVICENCIO;566;0;0;3;0;1;0
50006;2019;28723;ACACÍAS;108;0;0;4;;0;0
50006;2020;29638;ACACÍAS;143;0;0;5;;0;0
50006;2021;30319;ACACÍAS;88;0;0;3;;0;0
50006;2022;30995;ACACÍAS;97;0;0;3;;0;0
50006;2023;31680;ACACÍAS;68;0;0;2;;1;0
50006;2024;32363;ACACÍAS;44;0;0;1;;1;0
50313;2019;23947;GRANADA;57;1;0;2;1;0;0
50313;2020;24598;GRANADA;66;1;0;3;1;0;0
50313;2021;25192;GRANADA;112;1;0;4;1;0;0
50313;2022;25774;GRANADA;110;1;0;4;1;0;0
50313;2023;26355;GRANADA;65;1;0;2;1;1;0
50313;2024;26925;GRANADA;94;1;0;3;1;1;0
50573;2019;9856;PUERTO LÓPEZ;2;1;0;0;1;0;0
50573;2020;9993;PUERTO LÓPEZ;7;1;0;1;1;0;0
50573;2021;10214;PUERTO LÓPEZ;21;1;0;2;1;0;0
50573;2022;10437;PUERTO LÓPEZ;9;1;0;1;1;0;0
50573;2023;10663;PUERTO LÓPEZ;5;1;0;0;1;1;0
50573;2024;10894;PUERTO LÓPEZ;8;1;0;1;1;1;0
50606;2019;6038;RESTREPO;34;0;0;6;1;0;0
50606;2020;6185;RESTREPO;57;0;0;9;1;0;0
50606;2021;6325;RESTREPO;62;0;0;10;1;0;0
50606;2022;6466;RESTREPO;148;0;0;23;1;0;0
50606;2023;6609;RESTREPO;141;0;0;21;1;1;0
50606;2024;6746;RESTREPO;168;0;0;25;1;1;0
50680;2019;3947;SAN CARLOS DE GUAROA;13;1;0;3;1;0;0
50680;2020;4088;SAN CARLOS DE GUAROA;11;1;0;3;1;0;0
50680;2021;4179;SAN CARLOS DE GUAROA;9;1;0;2;1;0;0
50680;2022;4268;SAN CARLOS DE GUAROA;3;1;0;1;1;0;0
50680;2023;4361;SAN CARLOS DE GUAROA;1;1;0;0;1;1;0
50680;2024;4458;SAN CARLOS DE GUAROA;5;1;0;1;1;1;0
50689;2019;9629;SAN MARTÍN;7;1;0;1;1;0;0
50689;2020;9751;SAN MARTÍN;30;1;0;3;1;0;0
50689;2021;9981;SAN MARTÍN;34;1;0;3;1;0;0
50689;2022;10204;SAN MARTÍN;24;1;0;2;1;0;0
50689;2023;10427;SAN MARTÍN;22;1;0;2;1;1;0
50689;2024;10649;SAN MARTÍN;20;1;0;2;1;1;0
52001;2019;127601;PASTO;421;1;0;3;0;0;0
52001;2020;129912;PASTO;615;1;0;5;0;0;0
52001;2021;132380;PASTO;458;1;0;3;0;0;0
52001;2022;135067;PASTO;428;1;0;3;0;0;0
52001;2023;137833;PASTO;823;1;0;6;0;1;0
52001;2024;140435;PASTO;491;1;0;3;0;1;0
52356;2019;37298;IPIALES;64;1;0;2;;0;0
52356;2020;37946;IPIALES;29;1;0;1;;0;0
52356;2021;38654;IPIALES;53;1;0;1;;0;0
52356;2022;39429;IPIALES;18;1;0;0;;0;0
52356;2023;40233;IPIALES;11;1;0;0;;1;0
52356;2024;40994;IPIALES;34;1;0;1;;1;0
52678;2019;12637;SAMANIEGO;3;1;0;0;1;0;0
52678;2020;12613;SAMANIEGO;4;1;0;0;1;0;0
52678;2021;12848;SAMANIEGO;9;1;0;1;1;0;0
52678;2022;13094;SAMANIEGO;5;1;0;0;1;0;0
52678;2023;13347;SAMANIEGO;3;1;0;0;1;1;0
52678;2024;13571;SAMANIEGO;13;1;0;1;1;1;0
54001;2019;218448;SAN JOSÉ DE CÚCUTA;1027;1;0;5;0;0;0
54001;2020;228715;SAN JOSÉ DE CÚCUTA;1279;1;0;6;0;0;0
54001;2021;235088;SAN JOSÉ DE CÚCUTA;1322;1;0;6;0;0;0
54001;2022;240047;SAN JOSÉ DE CÚCUTA;1057;1;0;4;0;0;0
54001;2023;245030;SAN JOSÉ DE CÚCUTA;927;1;0;4;0;1;0
54001;2024;250145;SAN JOSÉ DE CÚCUTA;617;1;0;2;0;1;0
54003;2019;9094;ÁBREGO;20;1;0;2;1;0;0
54003;2020;9422;ÁBREGO;5;1;0;1;1;0;0
54003;2021;9666;ÁBREGO;14;1;0;1;1;0;0
54003;2022;9847;ÁBREGO;7;1;0;1;1;0;0
54003;2023;10029;ÁBREGO;2;1;0;0;1;1;0
54003;2024;10228;ÁBREGO;1;1;0;0;1;1;0
54261;2019;8261;EL ZULIA;42;1;0;5;1;0;0
54261;2020;8670;EL ZULIA;53;1;0;6;1;0;0
54261;2021;8905;EL ZULIA;37;1;0;4;1;0;0
54261;2022;9081;EL ZULIA;38;1;0;4;1;0;0
54261;2023;9255;EL ZULIA;139;1;0;15;1;1;0
54261;2024;9440;EL ZULIA;102;1;0;11;1;1;0
54405;2019;27657;LOS PATIOS;156;1;0;6;;0;0
54405;2020;28960;LOS PATIOS;240;1;0;8;;0;0
54405;2021;29768;LOS PATIOS;350;1;0;12;;0;0
54405;2022;30400;LOS PATIOS;640;1;0;21;;0;0
54405;2023;31032;LOS PATIOS;575;1;0;19;;1;0
54405;2024;31682;LOS PATIOS;367;1;0;12;;1;0
54498;2019;36635;OCAÑA;7;1;0;0;;0;0
54498;2020;38353;OCAÑA;5;1;0;0;;0;0
54498;2021;39405;OCAÑA;11;1;0;0;;0;0
54498;2022;40222;OCAÑA;40;1;0;1;;0;0
54498;2023;41043;OCAÑA;27;1;0;1;;1;0
54498;2024;41898;OCAÑA;20;1;0;0;;1;0
54518;2019;16332;PAMPLONA;6;1;0;0;;0;0
54518;2020;17017;PAMPLONA;6;1;0;0;;0;0
54518;2021;17486;PAMPLONA;26;1;0;1;;0;0
54518;2022;17854;PAMPLONA;18;1;0;1;;0;0
54518;2023;18222;PAMPLONA;15;1;0;1;;1;0
54518;2024;18601;PAMPLONA;70;1;0;4;;1;0
54874;2019;32082;VILLA DEL ROSARIO;312;1;0;10;;0;0
54874;2020;33611;VILLA DEL ROSARIO;315;1;0;9;;0;0
54874;2021;34561;VILLA DEL ROSARIO;538;1;0;16;;0;0
54874;2022;35300;VILLA DEL ROSARIO;603;1;0;17;;0;0
54874;2023;36034;VILLA DEL ROSARIO;713;1;0;20;;1;0
54874;2024;36787;VILLA DEL ROSARIO;693;1;0;19;;1;0
63001;2019;104616;ARMENIA;515;1;0;5;0;0;0
63001;2020;107319;ARMENIA;624;1;0;6;0;0;0
63001;2021;109859;ARMENIA;862;1;0;8;0;0;0
63001;2022;112637;ARMENIA;822;1;0;7;0;0;0
63001;2023;115590;ARMENIA;513;1;0;4;0;1;0
63001;2024;118427;ARMENIA;360;1;0;3;0;1;0
63130;2019;25235;CALARCÁ;41;0;0;2;;0;0
63130;2020;25845;CALARCÁ;18;0;0;1;;0;0
63130;2021;26473;CALARCÁ;83;0;0;3;;0;0
63130;2022;27133;CALARCÁ;149;0;0;5;;0;0
63130;2023;27831;CALARCÁ;96;0;0;3;;1;0
63130;2024;28540;CALARCÁ;31;0;0;1;;1;0
63470;2019;12364;MONTENEGRO;155;1;0;13;;0;0
63470;2020;12623;MONTENEGRO;178;1;0;14;;0;0
63470;2021;12924;MONTENEGRO;7;1;0;1;;0;0
63470;2022;13247;MONTENEGRO;113;1;0;9;;0;0
63470;2023;13590;MONTENEGRO;8;1;0;1;;1;0
63470;2024;13928;MONTENEGRO;3;1;0;0;;1;0
66001;2019;160773;PEREIRA;589;0;0;4;0;0;0
66001;2020;164530;PEREIRA;328;0;0;2;0;0;0
66001;2021;168107;PEREIRA;750;0;0;4;0;0;0
66001;2022;172012;PEREIRA;553;0;0;3;0;0;0
66001;2023;176141;PEREIRA;453;0;0;3;0;1;0
66001;2024;180250;PEREIRA;260;0;0;1;0;1;0
66170;2019;73377;DOSQUEBRADAS;710;1;0;10;0;0;0
66170;2020;75378;DOSQUEBRADAS;867;1;0;12;0;0;0
66170;2021;77015;DOSQUEBRADAS;1359;1;0;18;0;0;0
66170;2022;78815;DOSQUEBRADAS;733;1;0;9;0;0;0
66170;2023;80719;DOSQUEBRADAS;698;1;0;9;0;1;0
66170;2024;82648;DOSQUEBRADAS;567;1;0;7;0;1;0
66682;2019;24755;SANTA ROSA DE CABAL;155;1;0;6;;0;0
66682;2020;25317;SANTA ROSA DE CABAL;173;1;0;7;;0;0
66682;2021;25862;SANTA ROSA DE CABAL;198;1;0;8;;0;0
66682;2022;26460;SANTA ROSA DE CABAL;144;1;0;5;;0;0
66682;2023;27093;SANTA ROSA DE CABAL;227;1;0;8;;1;0
66682;2024;27717;SANTA ROSA DE CABAL;161;1;0;6;;1;0
68001;2019;198113;BUCARAMANGA;96;1;0;0;0;0;0
68001;2020;204627;BUCARAMANGA;187;1;0;1;0;0;0
68001;2021;209939;BUCARAMANGA;516;1;0;2;0;0;0
68001;2022;214734;BUCARAMANGA;531;1;0;2;0;0;0
68001;2023;219520;BUCARAMANGA;499;1;0;2;0;1;0
68001;2024;224885;BUCARAMANGA;459;1;0;2;0;1;0
68077;2019;10799;BARBOSA;4;1;0;0;1;0;0
68077;2020;11164;BARBOSA;4;1;0;0;1;0;0
68077;2021;11439;BARBOSA;5;1;0;0;1;0;0
68077;2022;11691;BARBOSA;4;1;0;0;1;0;0
68077;2023;11944;BARBOSA;10;1;0;1;1;1;0
68077;2024;12229;BARBOSA;9;1;0;1;1;1;0
68081;2019;64120;BARRANCABERMEJA;41;1;0;1;;0;0
68081;2020;65854;BARRANCABERMEJA;65;1;0;1;;0;0
68081;2021;67471;BARRANCABERMEJA;193;1;0;3;;0;0
68081;2022;68961;BARRANCABERMEJA;85;1;0;1;;0;0
68081;2023;70463;BARRANCABERMEJA;126;1;0;2;;1;0
68081;2024;72233;BARRANCABERMEJA;120;1;0;2;;1;0
68276;2019;93486;FLORIDABLANCA;152;1;0;2;;0;0
68276;2020;96893;FLORIDABLANCA;235;1;0;2;;0;0
68276;2021;99365;FLORIDABLANCA;196;1;0;2;;0;0
68276;2022;101615;FLORIDABLANCA;153;1;0;2;;0;0
68276;2023;103871;FLORIDABLANCA;163;1;0;2;;1;0
68276;2024;106652;FLORIDABLANCA;140;1;0;1;;1;0
68307;2019;51136;GIRÓN;340;1;0;7;;0;0
68307;2020;53347;GIRÓN;308;1;0;6;;0;0
68307;2021;54703;GIRÓN;742;1;0;14;;0;0
68307;2022;55933;GIRÓN;835;1;0;15;;0;0
68307;2023;57161;GIRÓN;625;1;0;11;;1;0
68307;2024;58670;GIRÓN;943;1;0;16;;1;0
68406;2019;14548;LEBRIJA;5;1;0;0;;0;0
68406;2020;15082;LEBRIJA;10;1;0;1;;0;0
68406;2021;15459;LEBRIJA;19;1;0;1;;0;0
68406;2022;15798;LEBRIJA;25;1;0;2;;0;0
68406;2023;16136;LEBRIJA;6;1;0;0;;1;0
68406;2024;16510;LEBRIJA;3;1;0;0;;1;0
68432;2019;6834;MÁLAGA;4;1;0;1;1;0;0
68432;2020;7019;MÁLAGA;6;1;0;1;1;0;0
68432;2021;7192;MÁLAGA;28;1;0;4;1;0;0
68432;2022;7351;MÁLAGA;25;1;0;3;1;0;0
68432;2023;7511;MÁLAGA;3;1;0;0;1;1;0
68432;2024;7699;MÁLAGA;3;1;0;0;1;1;0
68547;2019;54257;PIEDECUESTA;455;1;0;8;;0;0
68547;2020;56537;PIEDECUESTA;266;1;0;5;;0;0
68547;2021;57939;PIEDECUESTA;724;1;0;12;;0;0
68547;2022;59214;PIEDECUESTA;1607;1;0;27;;0;0
68547;2023;60497;PIEDECUESTA;1440;1;0;24;;1;0
68547;2024;62022;PIEDECUESTA;739;1;0;12;;1;0
68679;2019;19684;SAN GIL;126;1;0;6;;0;0
68679;2020;20485;SAN GIL;132;1;0;6;;0;0
68679;2021;21012;SAN GIL;250;1;0;12;;0;0
68679;2022;21488;SAN GIL;179;1;0;8;;0;0
68679;2023;21963;SAN GIL;174;1;0;8;;1;0
68679;2024;22520;SAN GIL;180;1;0;8;;1;0
68755;2019;10274;SOCORRO;26;0;0;3;;0;0
68755;2020;10599;SOCORRO;8;0;0;1;;0;0
68755;2021;10862;SOCORRO;3;0;0;0;;0;0
68755;2022;11101;SOCORRO;9;0;0;1;;0;0
68755;2023;11347;SOCORRO;10;0;0;1;;1;0
68755;2024;11628;SOCORRO;7;0;0;1;;1;0
70001;2019;78787;SINCELEJO;321;1;0;4;;0;0
70001;2020;82028;SINCELEJO;105;1;0;1;;0;0
70001;2021;84604;SINCELEJO;257;1;0;3;;0;0
70001;2022;86988;SINCELEJO;230;1;0;3;;0;0
70001;2023;89368;SINCELEJO;200;1;0;2;;1;0
70001;2024;91279;SINCELEJO;208;1;0;2;;1;0
73001;2019;188248;IBAGUÉ;886;1;0;5;0;0;0
73001;2020;193004;IBAGUÉ;2239;1;0;12;0;0;0
73001;2021;196530;IBAGUÉ;2973;1;0;15;0;0;0
73001;2022;200065;IBAGUÉ;2882;1;0;14;0;0;0
73001;2023;203651;IBAGUÉ;3002;1;0;15;0;1;0
73001;2024;207539;IBAGUÉ;2475;1;0;12;0;1;0
73124;2019;5907;CAJAMARCA;15;1;0;3;1;0;0
73124;2020;5969;CAJAMARCA;35;1;0;6;1;0;0
73124;2021;6054;CAJAMARCA;43;1;0;7;1;0;0
73124;2022;6141;CAJAMARCA;50;1;0;8;1;0;0
73124;2023;6234;CAJAMARCA;44;1;0;7;1;1;0
73124;2024;6334;CAJAMARCA;11;1;0;2;1;1;0
73268;2019;23712;ESPINAL;285;1;0;12;;0;0
73268;2020;24137;ESPINAL;331;1;0;14;;0;0
73268;2021;24546;ESPINAL;483;1;0;20;;0;0
73268;2022;24953;ESPINAL;505;1;0;20;;0;0
73268;2023;25365;ESPINAL;526;1;0;21;;1;0
73268;2024;25805;ESPINAL;529;1;0;20;;1;0
73275;2019;9640;FLANDES;20;1;0;2;1;0;0
73275;2020;9822;FLANDES;12;1;0;1;1;0;0
73275;2021;9997;FLANDES;40;1;0;4;1;0;0
73275;2022;10174;FLANDES;43;1;0;4;1;0;0
73275;2023;10354;FLANDES;11;1;0;1;1;1;0
73275;2024;10546;FLANDES;16;1;0;2;1;1;0
73411;2019;12587;LÍBANO;16;1;0;1;;0;0
73411;2020;12670;LÍBANO;13;1;0;1;;0;0
73411;2021;12866;LÍBANO;15;1;0;1;;0;0
73411;2022;13068;LÍBANO;10;1;0;1;;0;0
73411;2023;13278;LÍBANO;1;1;0;0;;1;0
73411;2024;13504;LÍBANO;2;1;0;0;;1;0
73443;2019;12998;SAN SEBASTIÁN DE MARIQUITA;12;1;0;1;;0;0
73443;2020;13244;SAN SEBASTIÁN DE MARIQUITA;7;1;0;1;;0;0
73443;2021;13456;SAN SEBASTIÁN DE MARIQUITA;19;1;0;1;;0;0
73443;2022;13676;SAN SEBASTIÁN DE MARIQUITA;16;1;0;1;;0;0
73443;2023;13907;SAN SEBASTIÁN DE MARIQUITA;4;1;0;0;;1;0
73443;2024;14155;SAN SEBASTIÁN DE MARIQUITA;6;1;0;0;;1;0
73449;2019;14675;MELGAR;8;1;0;1;1;0;0
73449;2020;15101;MELGAR;4;1;0;0;1;0;0
73449;2021;15370;MELGAR;25;1;0;2;1;0;0
73449;2022;15635;MELGAR;30;1;0;2;1;0;0
73449;2023;15901;MELGAR;23;1;0;1;1;1;0
73449;2024;16184;MELGAR;18;1;0;1;1;1;0
73671;2019;4766;SALDAÑA;9;1;0;2;1;0;0
73671;2020;4830;SALDAÑA;4;1;0;1;1;0;0
73671;2021;4903;SALDAÑA;9;1;0;2;1;0;0
73671;2022;4978;SALDAÑA;7;1;0;1;1;0;0
73671;2023;5058;SALDAÑA;3;1;0;1;1;1;0
73671;2024;5140;SALDAÑA;2;1;0;0;1;1;0
76001;2019;720864;SANTIAGO DE CALI;1033;1;0;1;0;0;0
76001;2020;734849;SANTIAGO DE CALI;791;1;0;1;0;0;0
76001;2021;749666;SANTIAGO DE CALI;1627;1;0;2;0;0;0
76001;2022;765890;SANTIAGO DE CALI;2934;1;0;4;0;0;0
76001;2023;782359;SANTIAGO DE CALI;1241;1;0;2;0;1;0
76001;2024;799297;SANTIAGO DE CALI;1065;1;0;1;0;1;0
76109;2019;85462;BUENAVENTURA;30;1;0;0;;0;0
76109;2020;87155;BUENAVENTURA;31;1;0;0;;0;0
76109;2021;88924;BUENAVENTURA;34;1;0;0;;0;0
76109;2022;90878;BUENAVENTURA;5;1;0;0;;0;0
76109;2023;92866;BUENAVENTURA;27;1;0;0;;1;0
76109;2024;94695;BUENAVENTURA;2;1;0;0;;1;0
76111;2019;41648;GUADALAJARA DE BUGA;1;1;0;0;;0;0
76111;2020;42437;GUADALAJARA DE BUGA;117;1;0;3;;0;0
76111;2021;43293;GUADALAJARA DE BUGA;357;1;0;8;;0;0
76111;2022;44245;GUADALAJARA DE BUGA;120;1;0;3;;0;0
76111;2023;45214;GUADALAJARA DE BUGA;562;1;0;12;;1;0
76111;2024;46211;GUADALAJARA DE BUGA;282;1;0;6;;1;0
76122;2019;9980;CAICEDONIA;52;1;0;5;1;0;0
76122;2020;10095;CAICEDONIA;123;1;0;12;1;0;0
76122;2021;10299;CAICEDONIA;67;1;0;7;1;0;0
76122;2022;10523;CAICEDONIA;66;1;0;6;1;0;0
76122;2023;10752;CAICEDONIA;16;1;0;1;1;1;0
76122;2024;10975;CAICEDONIA;4;1;0;0;1;1;0
76130;2019;26940;CANDELARIA;2851;0;0;106;;0;0
76130;2020;27570;CANDELARIA;2588;0;0;94;;0;0
76130;2021;28113;CANDELARIA;3555;0;0;126;;0;0
76130;2022;28747;CANDELARIA;5170;0;0;180;;0;0
76130;2023;29414;CANDELARIA;3584;0;0;122;;1;0
76130;2024;29859;CANDELARIA;4981;0;0;167;;1;0
76147;2019;44865;CARTAGO;230;0;0;5;0;0;0
76147;2020;45720;CARTAGO;268;0;0;6;0;0;0
76147;2021;46627;CARTAGO;292;0;0;6;0;0;0
76147;2022;47628;CARTAGO;206;0;0;4;0;0;0
76147;2023;48652;CARTAGO;351;0;0;7;0;1;0
76147;2024;49678;CARTAGO;144;0;0;3;0;1;0
76248;2019;17732;EL CERRITO;61;1;0;3;;0;0
76248;2020;18086;EL CERRITO;40;1;0;2;;0;0
76248;2021;18454;EL CERRITO;37;1;0;2;;0;0
76248;2022;18865;EL CERRITO;64;1;0;3;;0;0
76248;2023;19280;EL CERRITO;58;1;0;3;;1;0
76248;2024;19608;EL CERRITO;5;1;0;0;;1;0
76275;2019;17479;FLORIDA;57;1;0;3;;0;0
76275;2020;17810;FLORIDA;59;1;0;3;;0;0
76275;2021;18173;FLORIDA;46;1;0;3;;0;0
76275;2022;18575;FLORIDA;74;1;0;4;;0;0
76275;2023;18984;FLORIDA;111;1;0;6;;1;0
76275;2024;19319;FLORIDA;89;1;0;5;;1;0
76306;2019;7509;GINEBRA;14;1;0;2;1;0;0
76306;2020;7663;GINEBRA;112;1;0;15;1;0;0
76306;2021;7820;GINEBRA;87;1;0;11;1;0;0
76306;2022;7997;GINEBRA;22;1;0;3;1;0;0
76306;2023;8179;GINEBRA;8;1;0;1;1;1;0
76306;2024;8319;GINEBRA;14;1;0;2;1;1;0
76318;2019;10811;GUACARÍ;183;1;0;17;1;0;0
76318;2020;11030;GUACARÍ;225;1;0;20;1;0;0
76318;2021;11255;GUACARÍ;215;1;0;19;1;0;0
76318;2022;11501;GUACARÍ;477;1;0;41;1;0;0
76318;2023;11749;GUACARÍ;36;1;0;3;1;1;0
76318;2024;11958;GUACARÍ;356;1;0;30;1;1;0
76364;2019;49704;JAMUNDÍ;1510;1;0;30;;0;0
76364;2020;51353;JAMUNDÍ;2804;1;0;55;;0;0
76364;2021;52417;JAMUNDÍ;4932;1;0;94;;0;0
76364;2022;53587;JAMUNDÍ;2778;1;0;52;;0;0
76364;2023;54775;JAMUNDÍ;1567;1;0;29;;1;0
76364;2024;55864;JAMUNDÍ;1818;1;0;33;;1;0
76520;2019;117181;PALMIRA;374;0;0;3;0;0;0
76520;2020;119678;PALMIRA;351;0;0;3;0;0;0
76520;2021;122130;PALMIRA;289;0;0;2;0;0;0
76520;2022;124796;PALMIRA;504;0;0;4;0;0;0
76520;2023;127497;PALMIRA;723;0;0;6;0;1;0
76520;2024;129993;PALMIRA;814;0;0;6;0;1;0
76563;2019;14514;PRADERA;6;1;0;0;;0;0
76563;2020;14800;PRADERA;1;1;0;0;;0;0
76563;2021;15101;PRADERA;11;1;0;1;;0;0
76563;2022;15431;PRADERA;7;1;0;0;;0;0
76563;2023;15765;PRADERA;14;1;0;1;;1;0
76563;2024;16071;PRADERA;16;1;0;1;;1;0
76606;2019;5007;RESTREPO;12;1;0;2;1;0;0
76606;2020;5080;RESTREPO;1;1;0;0;1;0;0
76606;2021;5183;RESTREPO;8;1;0;2;1;0;0
76606;2022;5298;RESTREPO;3;1;0;1;1;0;0
76606;2023;5416;RESTREPO;2;1;0;0;1;1;0
76606;2024;5519;RESTREPO;1;1;0;0;1;1;0
76616;2019;5466;RIOFRÍO;25;0;0;5;;0;0
76616;2020;5546;RIOFRÍO;28;0;0;5;;0;0
76616;2021;5661;RIOFRÍO;28;0;0;5;;0;0
76616;2022;5786;RIOFRÍO;48;0;0;8;;0;0
76616;2023;5913;RIOFRÍO;3;0;0;1;;1;0
76616;2024;5996;RIOFRÍO;2;0;0;0;;1;0
76622;2019;11680;ROLDANILLO;114;1;0;10;;0;0
76622;2020;11856;ROLDANILLO;70;1;0;6;;0;0
76622;2021;12098;ROLDANILLO;60;1;0;5;;0;0
76622;2022;12366;ROLDANILLO;26;1;0;2;;0;0
76622;2023;12640;ROLDANILLO;124;1;0;10;;1;0
76622;2024;12892;ROLDANILLO;64;1;0;5;;1;0
76670;2019;5095;SAN PEDRO;21;0;0;4;1;0;0
76670;2020;5203;SAN PEDRO;14;0;0;3;1;0;0
76670;2021;5312;SAN PEDRO;29;0;0;5;1;0;0
76670;2022;5434;SAN PEDRO;32;0;0;6;1;0;0
76670;2023;5559;SAN PEDRO;5;0;0;1;1;1;0
76670;2024;5676;SAN PEDRO;8;0;0;1;1;1;0
76823;2019;4761;TORO;26;1;0;5;1;0;0
76823;2020;4808;TORO;8;1;0;2;1;0;0
76823;2021;4908;TORO;7;1;0;1;1;0;0
76823;2022;5018;TORO;1;1;0;0;1;0;0
76823;2023;5130;TORO;14;1;0;3;1;1;0
76823;2024;5222;TORO;44;1;0;8;1;1;0
76834;2019;73181;TULUÁ;49;0;0;1;0;0;0
76834;2020;75231;TULUÁ;209;0;0;3;0;0;0
76834;2021;76815;TULUÁ;207;0;0;3;0;0;0
76834;2022;78528;TULUÁ;320;0;0;4;0;0;0
76834;2023;80257;TULUÁ;327;0;0;4;0;1;0
76834;2024;81887;TULUÁ;453;0;0;6;0;1;0
76892;2019;34993;YUMBO;668;1;0;19;;0;0
76892;2020;35857;YUMBO;442;1;0;12;;0;0
76892;2021;36566;YUMBO;743;1;0;20;;0;0
76892;2022;37343;YUMBO;1465;1;0;39;;0;0
76892;2023;38137;YUMBO;1373;1;0;36;;1;0
76892;2024;38891;YUMBO;646;1;0;17;;1;0
76895;2019;13550;ZARZAL;87;1;0;6;1;0;0
76895;2020;13819;ZARZAL;28;1;0;2;1;0;0
76895;2021;14101;ZARZAL;46;1;0;3;1;0;0
76895;2022;14411;ZARZAL;27;1;0;2;1;0;0
76895;2023;14729;ZARZAL;85;1;0;6;1;1;0
76895;2024;15006;ZARZAL;106;1;0;7;1;1;0
81001;2019;27648;ARAUCA;11;1;0;0;;0;0
81001;2020;29532;ARAUCA;24;1;0;1;;0;0
81001;2021;30756;ARAUCA;21;1;0;1;;0;0
81001;2022;31692;ARAUCA;33;1;0;1;;0;0
81001;2023;32617;ARAUCA;5;1;0;0;;1;0
81001;2024;33708;ARAUCA;5;1;0;0;;1;0
81794;2019;14317;TAME;8;1;0;1;1;0;0
81794;2020;15151;TAME;14;1;0;1;1;0;0
81794;2021;15742;TAME;4;1;0;0;1;0;0
81794;2022;16199;TAME;4;1;0;0;1;0;0
81794;2023;16655;TAME;2;1;0;0;1;1;0
81794;2024;17210;TAME;19;1;0;1;1;1;0
85001;2019;58908;YOPAL;20;1;0;0;;0;0
85001;2020;61182;YOPAL;13;1;0;0;;0;0
85001;2021;62729;YOPAL;73;1;0;1;;0;0
85001;2022;64144;YOPAL;139;1;0;2;;0;0
85001;2023;65563;YOPAL;64;1;0;1;;1;0
85001;2024;67412;YOPAL;51;1;0;1;;1;0
85440;2019;13127;VILLANUEVA;1;1;0;0;1;0;0
85440;2020;13468;VILLANUEVA;5;1;0;0;1;0;0
85440;2021;13804;VILLANUEVA;15;1;0;1;1;0;0
85440;2022;14112;VILLANUEVA;15;1;0;1;1;0;0
85440;2023;14419;VILLANUEVA;12;1;0;1;1;1;0
85440;2024;14798;VILLANUEVA;2;1;0;0;1;1;0
86320;2019;15933;ORITO;7;1;0;0;1;0;0
86320;2020;16476;ORITO;7;1;0;0;1;0;0
86320;2021;17037;ORITO;15;1;0;1;1;0;0
86320;2022;17610;ORITO;13;1;0;1;1;0;0
86320;2023;18198;ORITO;3;1;0;0;1;1;0
86320;2024;18817;ORITO;3;1;0;0;1;1;0
95001;2019;16603;SAN JOSÉ DEL GUAVIARE;28;1;0;2;;0;0
95001;2020;17330;SAN JOSÉ DEL GUAVIARE;26;1;0;2;;0;0
95001;2021;17996;SAN JOSÉ DEL GUAVIARE;44;1;0;2;;0;0
95001;2022;18697;SAN JOSÉ DEL GUAVIARE;64;1;0;3;;0;0
95001;2023;19436;SAN JOSÉ DEL GUAVIARE;70;1;0;4;;1;0
95001;2024;20347;SAN JOSÉ DEL GUAVIARE;38;1;0;2;;1;0